"PCD","ordering"
"AB10",1
"AB11",2
"AB12",3
"AB13",4
"AB14",5
"AB15",6
"AB16",7
"AB21",8
"AB22",9
"AB23",10
"AB24",11
"AB25",12
"AB30",13
"AB31",14
"AB32",15
"AB33",16
"AB34",17
"AB35",18
"AB36",19
"AB37",20
"AB38",21
"AB39",22
"AB41",23
"AB42",24
"AB43",25
"AB44",26
"AB45",27
"AB51",28
"AB52",29
"AB53",30
"AB54",31
"AB55",32
"AB56",33
"AB99",34
"AL1",35
"AL2",36
"AL3",37
"AL4",38
"AL5",39
"AL6",40
"AL7",41
"AL8",42
"AL9",43
"AL10",44
"B1",45
"B2",46
"B3",47
"B4",48
"B5",49
"B6",50
"B7",51
"B8",52
"B9",53
"B10",54
"B11",55
"B12",56
"B13",57
"B14",58
"B15",59
"B16",60
"B17",61
"B18",62
"B19",63
"B20",64
"B21",65
"B23",66
"B24",67
"B25",68
"B26",69
"B27",70
"B28",71
"B29",72
"B30",73
"B31",74
"B32",75
"B33",76
"B34",77
"B35",78
"B36",79
"B37",80
"B38",81
"B40",82
"B42",83
"B43",84
"B44",85
"B45",86
"B46",87
"B47",88
"B48",89
"B49",90
"B50",91
"B60",92
"B61",93
"B62",94
"B63",95
"B64",96
"B65",97
"B66",98
"B67",99
"B68",100
"B69",101
"B70",102
"B71",103
"B72",104
"B73",105
"B74",106
"B75",107
"B76",108
"B77",109
"B78",110
"B79",111
"B80",112
"B90",113
"B91",114
"B92",115
"B93",116
"B94",117
"B95",118
"B96",119
"B97",120
"B98",121
"B99",122
"BA1",123
"BA2",124
"BA3",125
"BA4",126
"BA5",127
"BA6",128
"BA7",129
"BA8",130
"BA9",131
"BA10",132
"BA11",133
"BA12",134
"BA13",135
"BA14",136
"BA15",137
"BA16",138
"BA20",139
"BA21",140
"BA22",141
"BB0",142
"BB1",143
"BB2",144
"BB3",145
"BB4",146
"BB5",147
"BB6",148
"BB7",149
"BB8",150
"BB9",151
"BB10",152
"BB11",153
"BB12",154
"BB18",155
"BB94",156
"BD1",157
"BD2",158
"BD3",159
"BD4",160
"BD5",161
"BD6",162
"BD7",163
"BD8",164
"BD9",165
"BD10",166
"BD11",167
"BD12",168
"BD13",169
"BD14",170
"BD15",171
"BD16",172
"BD17",173
"BD18",174
"BD19",175
"BD20",176
"BD21",177
"BD22",178
"BD23",179
"BD24",180
"BD97",181
"BD98",182
"BD99",183
"BH1",184
"BH2",185
"BH3",186
"BH4",187
"BH5",188
"BH6",189
"BH7",190
"BH8",191
"BH9",192
"BH10",193
"BH11",194
"BH12",195
"BH13",196
"BH14",197
"BH15",198
"BH16",199
"BH17",200
"BH18",201
"BH19",202
"BH20",203
"BH21",204
"BH22",205
"BH23",206
"BH24",207
"BH25",208
"BH31",209
"BL0",210
"BL1",211
"BL2",212
"BL3",213
"BL4",214
"BL5",215
"BL6",216
"BL7",217
"BL8",218
"BL9",219
"BL11",220
"BL78",221
"BN1",222
"BN2",223
"BN3",224
"BN5",225
"BN6",226
"BN7",227
"BN8",228
"BN9",229
"BN10",230
"BN11",231
"BN12",232
"BN13",233
"BN14",234
"BN15",235
"BN16",236
"BN17",237
"BN18",238
"BN20",239
"BN21",240
"BN22",241
"BN23",242
"BN24",243
"BN25",244
"BN26",245
"BN27",246
"BN41",247
"BN42",248
"BN43",249
"BN44",250
"BN45",251
"BN50",252
"BN51",253
"BN52",254
"BN88",255
"BN91",256
"BN99",257
"BR1",258
"BR2",259
"BR3",260
"BR4",261
"BR5",262
"BR6",263
"BR7",264
"BR8",265
"BS0",266
"BS1",267
"BS2",268
"BS3",269
"BS4",270
"BS5",271
"BS6",272
"BS7",273
"BS8",274
"BS9",275
"BS10",276
"BS11",277
"BS13",278
"BS14",279
"BS15",280
"BS16",281
"BS20",282
"BS21",283
"BS22",284
"BS23",285
"BS24",286
"BS25",287
"BS26",288
"BS27",289
"BS28",290
"BS29",291
"BS30",292
"BS31",293
"BS32",294
"BS34",295
"BS35",296
"BS36",297
"BS37",298
"BS39",299
"BS40",300
"BS41",301
"BS48",302
"BS49",303
"BS98",304
"BS99",305
"BT1",306
"BT2",307
"BT3",308
"BT4",309
"BT5",310
"BT6",311
"BT7",312
"BT8",313
"BT9",314
"BT10",315
"BT11",316
"BT12",317
"BT13",318
"BT14",319
"BT15",320
"BT16",321
"BT17",322
"BT18",323
"BT19",324
"BT20",325
"BT21",326
"BT22",327
"BT23",328
"BT24",329
"BT25",330
"BT26",331
"BT27",332
"BT28",333
"BT29",334
"BT30",335
"BT31",336
"BT32",337
"BT33",338
"BT34",339
"BT35",340
"BT36",341
"BT37",342
"BT38",343
"BT39",344
"BT40",345
"BT41",346
"BT42",347
"BT43",348
"BT44",349
"BT45",350
"BT46",351
"BT47",352
"BT48",353
"BT49",354
"BT51",355
"BT52",356
"BT53",357
"BT54",358
"BT55",359
"BT56",360
"BT57",361
"BT58",362
"BT60",363
"BT61",364
"BT62",365
"BT63",366
"BT64",367
"BT65",368
"BT66",369
"BT67",370
"BT68",371
"BT69",372
"BT70",373
"BT71",374
"BT74",375
"BT75",376
"BT76",377
"BT77",378
"BT78",379
"BT79",380
"BT80",381
"BT81",382
"BT82",383
"BT92",384
"BT93",385
"BT94",386
"CA1",387
"CA2",388
"CA3",389
"CA4",390
"CA5",391
"CA6",392
"CA7",393
"CA8",394
"CA9",395
"CA10",396
"CA11",397
"CA12",398
"CA13",399
"CA14",400
"CA15",401
"CA16",402
"CA17",403
"CA18",404
"CA19",405
"CA20",406
"CA21",407
"CA22",408
"CA23",409
"CA24",410
"CA25",411
"CA26",412
"CA27",413
"CA28",414
"CA95",415
"CB1",416
"CB2",417
"CB3",418
"CB4",419
"CB5",420
"CB6",421
"CB7",422
"CB8",423
"CB9",424
"CB10",425
"CB11",426
"CB21",427
"CB22",428
"CB23",429
"CB24",430
"CB25",431
"CF3",432
"CF5",433
"CF10",434
"CF11",435
"CF14",436
"CF15",437
"CF23",438
"CF24",439
"CF30",440
"CF31",441
"CF32",442
"CF33",443
"CF34",444
"CF35",445
"CF36",446
"CF37",447
"CF38",448
"CF39",449
"CF40",450
"CF41",451
"CF42",452
"CF43",453
"CF44",454
"CF45",455
"CF46",456
"CF47",457
"CF48",458
"CF61",459
"CF62",460
"CF63",461
"CF64",462
"CF71",463
"CF72",464
"CF81",465
"CF82",466
"CF83",467
"CF91",468
"CF95",469
"CF99",470
"CH1",471
"CH2",472
"CH3",473
"CH4",474
"CH5",475
"CH6",476
"CH7",477
"CH8",478
"CH25",479
"CH26",480
"CH27",481
"CH28",482
"CH29",483
"CH30",484
"CH31",485
"CH32",486
"CH33",487
"CH34",488
"CH41",489
"CH42",490
"CH43",491
"CH44",492
"CH45",493
"CH46",494
"CH47",495
"CH48",496
"CH49",497
"CH60",498
"CH61",499
"CH62",500
"CH63",501
"CH64",502
"CH65",503
"CH66",504
"CH70",505
"CH88",506
"CH99",507
"CM0",508
"CM1",509
"CM2",510
"CM3",511
"CM4",512
"CM5",513
"CM6",514
"CM7",515
"CM8",516
"CM9",517
"CM11",518
"CM12",519
"CM13",520
"CM14",521
"CM15",522
"CM16",523
"CM17",524
"CM18",525
"CM19",526
"CM20",527
"CM21",528
"CM22",529
"CM23",530
"CM24",531
"CM77",532
"CM92",533
"CM98",534
"CM99",535
"CO1",536
"CO2",537
"CO3",538
"CO4",539
"CO5",540
"CO6",541
"CO7",542
"CO8",543
"CO9",544
"CO10",545
"CO11",546
"CO12",547
"CO13",548
"CO14",549
"CO15",550
"CO16",551
"CR0",552
"CR2",553
"CR3",554
"CR4",555
"CR5",556
"CR6",557
"CR7",558
"CR8",559
"CR9",560
"CT1",561
"CT2",562
"CT3",563
"CT4",564
"CT5",565
"CT6",566
"CT7",567
"CT8",568
"CT9",569
"CT10",570
"CT11",571
"CT12",572
"CT13",573
"CT14",574
"CT15",575
"CT16",576
"CT17",577
"CT18",578
"CT19",579
"CT20",580
"CT21",581
"CT50",582
"CV1",583
"CV2",584
"CV3",585
"CV4",586
"CV5",587
"CV6",588
"CV7",589
"CV8",590
"CV9",591
"CV10",592
"CV11",593
"CV12",594
"CV13",595
"CV21",596
"CV22",597
"CV23",598
"CV31",599
"CV32",600
"CV33",601
"CV34",602
"CV35",603
"CV36",604
"CV37",605
"CV47",606
"CW1",607
"CW2",608
"CW3",609
"CW4",610
"CW5",611
"CW6",612
"CW7",613
"CW8",614
"CW9",615
"CW10",616
"CW11",617
"CW12",618
"CW98",619
"DA1",620
"DA2",621
"DA3",622
"DA4",623
"DA5",624
"DA6",625
"DA7",626
"DA8",627
"DA9",628
"DA10",629
"DA11",630
"DA12",631
"DA13",632
"DA14",633
"DA15",634
"DA16",635
"DA17",636
"DA18",637
"DD1",638
"DD2",639
"DD3",640
"DD4",641
"DD5",642
"DD6",643
"DD7",644
"DD8",645
"DD9",646
"DD10",647
"DD11",648
"DE1",649
"DE3",650
"DE4",651
"DE5",652
"DE6",653
"DE7",654
"DE11",655
"DE12",656
"DE13",657
"DE14",658
"DE15",659
"DE21",660
"DE22",661
"DE23",662
"DE24",663
"DE45",664
"DE55",665
"DE56",666
"DE65",667
"DE72",668
"DE73",669
"DE74",670
"DE75",671
"DE99",672
"DG1",673
"DG2",674
"DG3",675
"DG4",676
"DG5",677
"DG6",678
"DG7",679
"DG8",680
"DG9",681
"DG10",682
"DG11",683
"DG12",684
"DG13",685
"DG14",686
"DG16",687
"DH1",688
"DH2",689
"DH3",690
"DH4",691
"DH5",692
"DH6",693
"DH7",694
"DH8",695
"DH9",696
"DH97",697
"DH98",698
"DH99",699
"DL1",700
"DL2",701
"DL3",702
"DL4",703
"DL5",704
"DL6",705
"DL7",706
"DL8",707
"DL9",708
"DL10",709
"DL11",710
"DL12",711
"DL13",712
"DL14",713
"DL15",714
"DL16",715
"DL17",716
"DL98",717
"DN1",718
"DN2",719
"DN3",720
"DN4",721
"DN5",722
"DN6",723
"DN7",724
"DN8",725
"DN9",726
"DN10",727
"DN11",728
"DN12",729
"DN14",730
"DN15",731
"DN16",732
"DN17",733
"DN18",734
"DN19",735
"DN20",736
"DN21",737
"DN22",738
"DN31",739
"DN32",740
"DN33",741
"DN34",742
"DN35",743
"DN36",744
"DN37",745
"DN38",746
"DN39",747
"DN40",748
"DN41",749
"DN55",750
"DT1",751
"DT2",752
"DT3",753
"DT4",754
"DT5",755
"DT6",756
"DT7",757
"DT8",758
"DT9",759
"DT10",760
"DT11",761
"DY1",762
"DY2",763
"DY3",764
"DY4",765
"DY5",766
"DY6",767
"DY7",768
"DY8",769
"DY9",770
"DY10",771
"DY11",772
"DY12",773
"DY13",774
"DY14",775
"E1",776
"E1W",777
"E2",778
"E3",779
"E4",780
"E5",781
"E6",782
"E7",783
"E8",784
"E9",785
"E10",786
"E11",787
"E12",788
"E13",789
"E14",790
"E15",791
"E16",792
"E17",793
"E18",794
"E20",795
"E77",796
"E98",797
"EC1A",798
"EC1M",799
"EC1N",800
"EC1P",801
"EC1R",802
"EC1V",803
"EC1Y",804
"EC2A",805
"EC2M",806
"EC2N",807
"EC2P",808
"EC2R",809
"EC2V",810
"EC2Y",811
"EC3A",812
"EC3M",813
"EC3N",814
"EC3P",815
"EC3R",816
"EC3V",817
"EC4A",818
"EC4M",819
"EC4N",820
"EC4P",821
"EC4R",822
"EC4V",823
"EC4Y",824
"EC50",825
"EH1",826
"EH2",827
"EH3",828
"EH4",829
"EH5",830
"EH6",831
"EH7",832
"EH8",833
"EH9",834
"EH10",835
"EH11",836
"EH12",837
"EH13",838
"EH14",839
"EH15",840
"EH16",841
"EH17",842
"EH18",843
"EH19",844
"EH20",845
"EH21",846
"EH22",847
"EH23",848
"EH24",849
"EH25",850
"EH26",851
"EH27",852
"EH28",853
"EH29",854
"EH30",855
"EH31",856
"EH32",857
"EH33",858
"EH34",859
"EH35",860
"EH36",861
"EH37",862
"EH38",863
"EH39",864
"EH40",865
"EH41",866
"EH42",867
"EH43",868
"EH44",869
"EH45",870
"EH46",871
"EH47",872
"EH48",873
"EH49",874
"EH51",875
"EH52",876
"EH53",877
"EH54",878
"EH55",879
"EH95",880
"EH99",881
"EN1",882
"EN2",883
"EN3",884
"EN4",885
"EN5",886
"EN6",887
"EN7",888
"EN8",889
"EN9",890
"EN10",891
"EN11",892
"EN77",893
"EX1",894
"EX2",895
"EX3",896
"EX4",897
"EX5",898
"EX6",899
"EX7",900
"EX8",901
"EX9",902
"EX10",903
"EX11",904
"EX12",905
"EX13",906
"EX14",907
"EX15",908
"EX16",909
"EX17",910
"EX18",911
"EX19",912
"EX20",913
"EX21",914
"EX22",915
"EX23",916
"EX24",917
"EX31",918
"EX32",919
"EX33",920
"EX34",921
"EX35",922
"EX36",923
"EX37",924
"EX38",925
"EX39",926
"FK1",927
"FK2",928
"FK3",929
"FK4",930
"FK5",931
"FK6",932
"FK7",933
"FK8",934
"FK9",935
"FK10",936
"FK11",937
"FK12",938
"FK13",939
"FK14",940
"FK15",941
"FK16",942
"FK17",943
"FK18",944
"FK19",945
"FK20",946
"FK21",947
"FY0",948
"FY1",949
"FY2",950
"FY3",951
"FY4",952
"FY5",953
"FY6",954
"FY7",955
"FY8",956
"G1",957
"G2",958
"G3",959
"G4",960
"G5",961
"G9",962
"G11",963
"G12",964
"G13",965
"G14",966
"G15",967
"G20",968
"G21",969
"G22",970
"G23",971
"G31",972
"G32",973
"G33",974
"G34",975
"G40",976
"G41",977
"G42",978
"G43",979
"G44",980
"G45",981
"G46",982
"G51",983
"G52",984
"G53",985
"G58",986
"G60",987
"G61",988
"G62",989
"G63",990
"G64",991
"G65",992
"G66",993
"G67",994
"G68",995
"G69",996
"G70",997
"G71",998
"G72",999
"G73",1000
"G74",1001
"G75",1002
"G76",1003
"G77",1004
"G78",1005
"G79",1006
"G81",1007
"G82",1008
"G83",1009
"G84",1010
"G90",1011
"GL1",1012
"GL2",1013
"GL3",1014
"GL4",1015
"GL5",1016
"GL6",1017
"GL7",1018
"GL8",1019
"GL9",1020
"GL10",1021
"GL11",1022
"GL12",1023
"GL13",1024
"GL14",1025
"GL15",1026
"GL16",1027
"GL17",1028
"GL18",1029
"GL19",1030
"GL20",1031
"GL50",1032
"GL51",1033
"GL52",1034
"GL53",1035
"GL54",1036
"GL55",1037
"GL56",1038
"GU1",1039
"GU2",1040
"GU3",1041
"GU4",1042
"GU5",1043
"GU6",1044
"GU7",1045
"GU8",1046
"GU9",1047
"GU10",1048
"GU11",1049
"GU12",1050
"GU14",1051
"GU15",1052
"GU16",1053
"GU17",1054
"GU18",1055
"GU19",1056
"GU20",1057
"GU21",1058
"GU22",1059
"GU23",1060
"GU24",1061
"GU25",1062
"GU26",1063
"GU27",1064
"GU28",1065
"GU29",1066
"GU30",1067
"GU31",1068
"GU32",1069
"GU33",1070
"GU34",1071
"GU35",1072
"GU46",1073
"GU47",1074
"GU51",1075
"GU52",1076
"GU95",1077
"HA0",1078
"HA1",1079
"HA2",1080
"HA3",1081
"HA4",1082
"HA5",1083
"HA6",1084
"HA7",1085
"HA8",1086
"HA9",1087
"HD1",1088
"HD2",1089
"HD3",1090
"HD4",1091
"HD5",1092
"HD6",1093
"HD7",1094
"HD8",1095
"HD9",1096
"HG1",1097
"HG2",1098
"HG3",1099
"HG4",1100
"HG5",1101
"HP1",1102
"HP2",1103
"HP3",1104
"HP4",1105
"HP5",1106
"HP6",1107
"HP7",1108
"HP8",1109
"HP9",1110
"HP10",1111
"HP11",1112
"HP12",1113
"HP13",1114
"HP14",1115
"HP15",1116
"HP16",1117
"HP17",1118
"HP18",1119
"HP19",1120
"HP20",1121
"HP21",1122
"HP22",1123
"HP23",1124
"HP27",1125
"HR1",1126
"HR2",1127
"HR3",1128
"HR4",1129
"HR5",1130
"HR6",1131
"HR7",1132
"HR8",1133
"HR9",1134
"HS1",1135
"HS2",1136
"HS3",1137
"HS4",1138
"HS5",1139
"HS6",1140
"HS7",1141
"HS8",1142
"HS9",1143
"HU1",1144
"HU2",1145
"HU3",1146
"HU4",1147
"HU5",1148
"HU6",1149
"HU7",1150
"HU8",1151
"HU9",1152
"HU10",1153
"HU11",1154
"HU12",1155
"HU13",1156
"HU14",1157
"HU15",1158
"HU16",1159
"HU17",1160
"HU18",1161
"HU19",1162
"HU20",1163
"HX1",1164
"HX2",1165
"HX3",1166
"HX4",1167
"HX5",1168
"HX6",1169
"HX7",1170
"IG1",1171
"IG2",1172
"IG3",1173
"IG4",1174
"IG5",1175
"IG6",1176
"IG7",1177
"IG8",1178
"IG9",1179
"IG10",1180
"IG11",1181
"IP1",1182
"IP2",1183
"IP3",1184
"IP4",1185
"IP5",1186
"IP6",1187
"IP7",1188
"IP8",1189
"IP9",1190
"IP10",1191
"IP11",1192
"IP12",1193
"IP13",1194
"IP14",1195
"IP15",1196
"IP16",1197
"IP17",1198
"IP18",1199
"IP19",1200
"IP20",1201
"IP21",1202
"IP22",1203
"IP23",1204
"IP24",1205
"IP25",1206
"IP26",1207
"IP27",1208
"IP28",1209
"IP29",1210
"IP30",1211
"IP31",1212
"IP32",1213
"IP33",1214
"IP98",1215
"IV1",1216
"IV2",1217
"IV3",1218
"IV4",1219
"IV5",1220
"IV6",1221
"IV7",1222
"IV8",1223
"IV9",1224
"IV10",1225
"IV11",1226
"IV12",1227
"IV13",1228
"IV14",1229
"IV15",1230
"IV16",1231
"IV17",1232
"IV18",1233
"IV19",1234
"IV20",1235
"IV21",1236
"IV22",1237
"IV23",1238
"IV24",1239
"IV25",1240
"IV26",1241
"IV27",1242
"IV28",1243
"IV30",1244
"IV31",1245
"IV32",1246
"IV36",1247
"IV40",1248
"IV41",1249
"IV42",1250
"IV43",1251
"IV44",1252
"IV45",1253
"IV46",1254
"IV47",1255
"IV48",1256
"IV49",1257
"IV51",1258
"IV52",1259
"IV53",1260
"IV54",1261
"IV55",1262
"IV56",1263
"IV63",1264
"KA1",1265
"KA2",1266
"KA3",1267
"KA4",1268
"KA5",1269
"KA6",1270
"KA11",1271
"KA12",1272
"KA16",1273
"KA17",1274
"KA18",1275
"KT1",1276
"KT2",1277
"KT3",1278
"KT4",1279
"KT5",1280
"KT6",1281
"KT7",1282
"KT8",1283
"KT9",1284
"KT10",1285
"KT11",1286
"KT12",1287
"KT13",1288
"KT14",1289
"KT15",1290
"KT16",1291
"KT17",1292
"KT18",1293
"KT19",1294
"KT20",1295
"KT21",1296
"KT22",1297
"KT23",1298
"KT24",1299
"KW1",1300
"KW2",1301
"KW3",1302
"KW5",1303
"KW6",1304
"KW7",1305
"KW8",1306
"KW9",1307
"KW10",1308
"KW11",1309
"KW12",1310
"KW13",1311
"KW14",1312
"KW15",1313
"KW16",1314
"KW17",1315
"KY1",1316
"KY2",1317
"KY3",1318
"KY4",1319
"KY5",1320
"KY6",1321
"KY7",1322
"KY8",1323
"KY9",1324
"KY10",1325
"KY11",1326
"KY12",1327
"KY13",1328
"KY14",1329
"KY15",1330
"KY16",1331
"KY99",1332
"L1",1333
"L2",1334
"L3",1335
"L4",1336
"L5",1337
"L6",1338
"L7",1339
"L8",1340
"L9",1341
"L10",1342
"L11",1343
"L12",1344
"L13",1345
"L14",1346
"L15",1347
"L16",1348
"L17",1349
"L18",1350
"L19",1351
"L20",1352
"L21",1353
"L22",1354
"L23",1355
"L24",1356
"L25",1357
"L26",1358
"L27",1359
"L28",1360
"L29",1361
"L30",1362
"L31",1363
"L32",1364
"L33",1365
"L34",1366
"L35",1367
"L36",1368
"L37",1369
"L38",1370
"L39",1371
"L40",1372
"L67",1373
"L68",1374
"L69",1375
"L70",1376
"L71",1377
"L72",1378
"L73",1379
"L74",1380
"L75",1381
"L80",1382
"LA1",1383
"LA2",1384
"LA3",1385
"LA4",1386
"LA5",1387
"LA6",1388
"LA7",1389
"LA8",1390
"LA9",1391
"LA10",1392
"LA11",1393
"LA12",1394
"LA13",1395
"LA14",1396
"LA15",1397
"LA16",1398
"LA17",1399
"LA18",1400
"LA19",1401
"LA20",1402
"LA21",1403
"LA22",1404
"LA23",1405
"LD1",1406
"LD2",1407
"LD3",1408
"LD4",1409
"LD5",1410
"LD6",1411
"LD7",1412
"LD8",1413
"LE1",1414
"LE2",1415
"LE3",1416
"LE4",1417
"LE5",1418
"LE6",1419
"LE7",1420
"LE8",1421
"LE9",1422
"LE10",1423
"LE11",1424
"LE12",1425
"LE13",1426
"LE14",1427
"LE15",1428
"LE16",1429
"LE17",1430
"LE18",1431
"LE19",1432
"LE21",1433
"LE41",1434
"LE55",1435
"LE65",1436
"LE67",1437
"LE87",1438
"LE94",1439
"LE95",1440
"LL11",1441
"LL12",1442
"LL13",1443
"LL14",1444
"LL15",1445
"LL16",1446
"LL17",1447
"LL18",1448
"LL19",1449
"LL20",1450
"LL21",1451
"LL22",1452
"LL23",1453
"LL24",1454
"LL25",1455
"LL26",1456
"LL27",1457
"LL28",1458
"LL29",1459
"LL30",1460
"LL31",1461
"LL32",1462
"LL33",1463
"LL34",1464
"LL35",1465
"LL36",1466
"LL37",1467
"LL38",1468
"LL39",1469
"LL40",1470
"LL41",1471
"LL42",1472
"LL43",1473
"LL44",1474
"LL45",1475
"LL46",1476
"LL47",1477
"LL48",1478
"LL49",1479
"LL51",1480
"LL52",1481
"LL53",1482
"LL54",1483
"LL55",1484
"LL56",1485
"LL57",1486
"LL58",1487
"LL59",1488
"LL60",1489
"LL61",1490
"LL62",1491
"LL63",1492
"LL64",1493
"LL65",1494
"LL66",1495
"LL67",1496
"LL68",1497
"LL69",1498
"LL70",1499
"LL71",1500
"LL72",1501
"LL73",1502
"LL74",1503
"LL75",1504
"LL76",1505
"LL77",1506
"LL78",1507
"LN1",1508
"LN2",1509
"LN3",1510
"LN4",1511
"LN5",1512
"LN6",1513
"LN7",1514
"LN8",1515
"LN9",1516
"LN10",1517
"LN11",1518
"LN12",1519
"LN13",1520
"LS1",1521
"LS2",1522
"LS3",1523
"LS4",1524
"LS5",1525
"LS6",1526
"LS7",1527
"LS8",1528
"LS9",1529
"LS10",1530
"LS11",1531
"LS12",1532
"LS13",1533
"LS14",1534
"LS15",1535
"LS16",1536
"LS17",1537
"LS18",1538
"LS19",1539
"LS20",1540
"LS21",1541
"LS22",1542
"LS23",1543
"LS24",1544
"LS25",1545
"LS26",1546
"LS27",1547
"LS28",1548
"LS29",1549
"LS98",1550
"LU1",1551
"LU2",1552
"LU3",1553
"LU4",1554
"LU5",1555
"LU6",1556
"LU7",1557
"M1",1558
"M2",1559
"M3",1560
"M4",1561
"M5",1562
"M6",1563
"M7",1564
"M8",1565
"M9",1566
"M11",1567
"M12",1568
"M13",1569
"M14",1570
"M15",1571
"M16",1572
"M17",1573
"M18",1574
"M19",1575
"M20",1576
"M21",1577
"M22",1578
"M23",1579
"M24",1580
"M25",1581
"M26",1582
"M27",1583
"M28",1584
"M29",1585
"M30",1586
"M31",1587
"M32",1588
"M33",1589
"M34",1590
"M35",1591
"M38",1592
"M40",1593
"M41",1594
"M43",1595
"M44",1596
"M45",1597
"M46",1598
"M50",1599
"M60",1600
"M90",1601
"M99",1602
"ME1",1603
"ME2",1604
"ME3",1605
"ME4",1606
"ME5",1607
"ME6",1608
"ME7",1609
"ME8",1610
"ME9",1611
"ME10",1612
"ME11",1613
"ME12",1614
"ME13",1615
"ME14",1616
"ME15",1617
"ME16",1618
"ME17",1619
"ME18",1620
"ME19",1621
"ME20",1622
"MK1",1623
"MK2",1624
"MK3",1625
"MK4",1626
"MK5",1627
"MK6",1628
"MK7",1629
"MK8",1630
"MK9",1631
"MK10",1632
"MK11",1633
"MK12",1634
"MK13",1635
"MK14",1636
"MK15",1637
"MK16",1638
"MK17",1639
"MK18",1640
"MK19",1641
"MK40",1642
"MK41",1643
"MK42",1644
"MK43",1645
"MK44",1646
"MK45",1647
"MK46",1648
"MK77",1649
"ML1",1650
"ML2",1651
"ML3",1652
"ML4",1653
"ML5",1654
"ML6",1655
"ML7",1656
"ML8",1657
"ML9",1658
"ML10",1659
"ML11",1660
"ML12",1661
"N1",1662
"N1C",1663
"N1P",1664
"N2",1665
"N3",1666
"N4",1667
"N5",1668
"N6",1669
"N7",1670
"N8",1671
"N9",1672
"N10",1673
"N11",1674
"N12",1675
"N13",1676
"N14",1677
"N15",1678
"N16",1679
"N17",1680
"N18",1681
"N19",1682
"N20",1683
"N21",1684
"N22",1685
"N81",1686
"NE1",1687
"NE2",1688
"NE3",1689
"NE4",1690
"NE5",1691
"NE6",1692
"NE7",1693
"NE8",1694
"NE9",1695
"NE10",1696
"NE11",1697
"NE12",1698
"NE13",1699
"NE15",1700
"NE16",1701
"NE17",1702
"NE18",1703
"NE19",1704
"NE20",1705
"NE21",1706
"NE22",1707
"NE23",1708
"NE24",1709
"NE25",1710
"NE26",1711
"NE27",1712
"NE28",1713
"NE29",1714
"NE30",1715
"NE31",1716
"NE32",1717
"NE33",1718
"NE34",1719
"NE35",1720
"NE36",1721
"NE37",1722
"NE38",1723
"NE39",1724
"NE40",1725
"NE41",1726
"NE42",1727
"NE43",1728
"NE44",1729
"NE45",1730
"NE46",1731
"NE47",1732
"NE48",1733
"NE49",1734
"NE61",1735
"NE62",1736
"NE63",1737
"NE64",1738
"NE65",1739
"NE66",1740
"NE67",1741
"NE68",1742
"NE69",1743
"NE70",1744
"NE71",1745
"NE82",1746
"NE83",1747
"NE85",1748
"NE88",1749
"NE92",1750
"NE98",1751
"NE99",1752
"NG1",1753
"NG2",1754
"NG3",1755
"NG4",1756
"NG5",1757
"NG6",1758
"NG7",1759
"NG8",1760
"NG9",1761
"NG10",1762
"NG11",1763
"NG12",1764
"NG13",1765
"NG14",1766
"NG15",1767
"NG16",1768
"NG17",1769
"NG18",1770
"NG19",1771
"NG20",1772
"NG21",1773
"NG22",1774
"NG23",1775
"NG24",1776
"NG25",1777
"NG31",1778
"NG32",1779
"NG33",1780
"NG34",1781
"NG70",1782
"NG80",1783
"NG90",1784
"NN1",1785
"NN2",1786
"NN3",1787
"NN4",1788
"NN5",1789
"NN6",1790
"NN7",1791
"NN8",1792
"NN9",1793
"NN10",1794
"NN11",1795
"NN12",1796
"NN13",1797
"NN14",1798
"NN15",1799
"NN16",1800
"NN17",1801
"NN18",1802
"NN29",1803
"NN99",1804
"NP4",1805
"NP7",1806
"NP8",1807
"NP10",1808
"NP11",1809
"NP12",1810
"NP13",1811
"NP15",1812
"NP16",1813
"NP18",1814
"NP19",1815
"NP20",1816
"NP22",1817
"NP23",1818
"NP24",1819
"NP25",1820
"NP26",1821
"NP44",1822
"NR1",1823
"NR2",1824
"NR3",1825
"NR4",1826
"NR5",1827
"NR6",1828
"NR7",1829
"NR8",1830
"NR9",1831
"NR10",1832
"NR11",1833
"NR12",1834
"NR13",1835
"NR14",1836
"NR15",1837
"NR16",1838
"NR17",1839
"NR18",1840
"NR19",1841
"NR20",1842
"NR21",1843
"NR22",1844
"NR23",1845
"NR24",1846
"NR25",1847
"NR26",1848
"NR27",1849
"NR28",1850
"NR29",1851
"NR30",1852
"NR31",1853
"NR32",1854
"NR33",1855
"NR34",1856
"NR35",1857
"NR99",1858
"NW1",1859
"NW1W",1860
"NW2",1861
"NW3",1862
"NW4",1863
"NW5",1864
"NW6",1865
"NW7",1866
"NW8",1867
"NW9",1868
"NW10",1869
"NW11",1870
"NW26",1871
"OL1",1872
"OL2",1873
"OL3",1874
"OL4",1875
"OL5",1876
"OL6",1877
"OL7",1878
"OL8",1879
"OL9",1880
"OL10",1881
"OL11",1882
"OL12",1883
"OL13",1884
"OL14",1885
"OL15",1886
"OL16",1887
"OL95",1888
"OX1",1889
"OX2",1890
"OX3",1891
"OX4",1892
"OX5",1893
"OX7",1894
"OX9",1895
"OX10",1896
"OX11",1897
"OX12",1898
"OX13",1899
"OX14",1900
"OX15",1901
"OX16",1902
"OX17",1903
"OX18",1904
"OX20",1905
"OX25",1906
"OX26",1907
"OX27",1908
"OX28",1909
"OX29",1910
"OX33",1911
"OX39",1912
"OX44",1913
"OX49",1914
"PA1",1915
"PA2",1916
"PA3",1917
"PA4",1918
"PA5",1919
"PA6",1920
"PA7",1921
"PA8",1922
"PA9",1923
"PA10",1924
"PA11",1925
"PA12",1926
"PA13",1927
"PA14",1928
"PA15",1929
"PA16",1930
"PA17",1931
"PA18",1932
"PA19",1933
"PA20",1934
"PA21",1935
"PA22",1936
"PA23",1937
"PA24",1938
"PA25",1939
"PA26",1940
"PA27",1941
"PA28",1942
"PA29",1943
"PA30",1944
"PA31",1945
"PA32",1946
"PA33",1947
"PA34",1948
"PA35",1949
"PA36",1950
"PA37",1951
"PA38",1952
"PA41",1953
"PA42",1954
"PA43",1955
"PA44",1956
"PA45",1957
"PA46",1958
"PA47",1959
"PA48",1960
"PA49",1961
"PA60",1962
"PA61",1963
"PA62",1964
"PA63",1965
"PA64",1966
"PA65",1967
"PA66",1968
"PA67",1969
"PA68",1970
"PA69",1971
"PA70",1972
"PA71",1973
"PA72",1974
"PA73",1975
"PA74",1976
"PA75",1977
"PA76",1978
"PA77",1979
"PA78",1980
"PA80",1981
"PE1",1982
"PE2",1983
"PE3",1984
"PE4",1985
"PE5",1986
"PE6",1987
"PE7",1988
"PE8",1989
"PE9",1990
"PE10",1991
"PE11",1992
"PE12",1993
"PE13",1994
"PE14",1995
"PE15",1996
"PE16",1997
"PE19",1998
"PE20",1999
"PE21",2000
"PE22",2001
"PE23",2002
"PE24",2003
"PE25",2004
"PE26",2005
"PE27",2006
"PE28",2007
"PE29",2008
"PE30",2009
"PE31",2010
"PE32",2011
"PE33",2012
"PE34",2013
"PE35",2014
"PE36",2015
"PE37",2016
"PE38",2017
"PE99",2018
"PH1",2019
"PH2",2020
"PH3",2021
"PH4",2022
"PH5",2023
"PH6",2024
"PH7",2025
"PH8",2026
"PH9",2027
"PH10",2028
"PH11",2029
"PH12",2030
"PH13",2031
"PH14",2032
"PH15",2033
"PH16",2034
"PH17",2035
"PH18",2036
"PH19",2037
"PH20",2038
"PH21",2039
"PH22",2040
"PH23",2041
"PH24",2042
"PH25",2043
"PH26",2044
"PH30",2045
"PH31",2046
"PH32",2047
"PH33",2048
"PH34",2049
"PH35",2050
"PH36",2051
"PH37",2052
"PH38",2053
"PH39",2054
"PH40",2055
"PH41",2056
"PH42",2057
"PH43",2058
"PH44",2059
"PH49",2060
"PH50",2061
"PL1",2062
"PL2",2063
"PL3",2064
"PL4",2065
"PL5",2066
"PL6",2067
"PL7",2068
"PL8",2069
"PL9",2070
"PL10",2071
"PL11",2072
"PL12",2073
"PL13",2074
"PL14",2075
"PL15",2076
"PL16",2077
"PL17",2078
"PL18",2079
"PL19",2080
"PL20",2081
"PO1",2082
"PO2",2083
"PO3",2084
"PO4",2085
"PO5",2086
"PO6",2087
"PO7",2088
"PO8",2089
"PO9",2090
"PO10",2091
"PO11",2092
"PO12",2093
"PO13",2094
"PO14",2095
"PO15",2096
"PO16",2097
"PO17",2098
"PO18",2099
"PO19",2100
"PO20",2101
"PO21",2102
"PO22",2103
"PO30",2104
"PO31",2105
"PO32",2106
"PO33",2107
"PO34",2108
"PO35",2109
"PO36",2110
"PO37",2111
"PO38",2112
"PO39",2113
"PO40",2114
"PO41",2115
"PR0",2116
"PR1",2117
"PR2",2118
"PR3",2119
"PR4",2120
"PR5",2121
"PR6",2122
"PR7",2123
"PR8",2124
"PR9",2125
"PR11",2126
"PR25",2127
"PR26",2128
"RG1",2129
"RG2",2130
"RG4",2131
"RG5",2132
"RG6",2133
"RG7",2134
"RG8",2135
"RG9",2136
"RG10",2137
"RG12",2138
"RG14",2139
"RG17",2140
"RG18",2141
"RG19",2142
"RG20",2143
"RG21",2144
"RG22",2145
"RG23",2146
"RG24",2147
"RG25",2148
"RG26",2149
"RG27",2150
"RG28",2151
"RG29",2152
"RG30",2153
"RG31",2154
"RG40",2155
"RG41",2156
"RG42",2157
"RG45",2158
"RH1",2159
"RH2",2160
"RH3",2161
"RH4",2162
"RH5",2163
"RH6",2164
"RH7",2165
"RH8",2166
"RH9",2167
"RH11",2168
"RH14",2169
"RH20",2170
"RM1",2171
"RM2",2172
"RM3",2173
"RM4",2174
"RM5",2175
"RM6",2176
"RM7",2177
"RM8",2178
"RM9",2179
"RM10",2180
"RM11",2181
"RM12",2182
"RM13",2183
"RM14",2184
"RM15",2185
"RM16",2186
"RM17",2187
"RM18",2188
"RM19",2189
"RM20",2190
"S1",2191
"S2",2192
"S3",2193
"S4",2194
"S5",2195
"S6",2196
"S7",2197
"S8",2198
"S9",2199
"S10",2200
"S11",2201
"S12",2202
"S13",2203
"S14",2204
"S17",2205
"S18",2206
"S20",2207
"S21",2208
"S25",2209
"S26",2210
"S32",2211
"S33",2212
"S35",2213
"S36",2214
"S40",2215
"S41",2216
"S42",2217
"S43",2218
"S44",2219
"S45",2220
"S49",2221
"S60",2222
"S61",2223
"S62",2224
"S63",2225
"S64",2226
"S65",2227
"S66",2228
"S70",2229
"S71",2230
"S72",2231
"S73",2232
"S74",2233
"S75",2234
"S80",2235
"S81",2236
"S96",2237
"S97",2238
"S98",2239
"SA1",2240
"SA2",2241
"SA3",2242
"SA4",2243
"SA5",2244
"SA6",2245
"SA7",2246
"SA8",2247
"SA9",2248
"SA10",2249
"SA11",2250
"SA12",2251
"SA13",2252
"SA14",2253
"SA15",2254
"SA16",2255
"SA17",2256
"SA18",2257
"SA19",2258
"SA20",2259
"SA31",2260
"SA32",2261
"SA33",2262
"SA34",2263
"SA35",2264
"SA36",2265
"SA37",2266
"SA38",2267
"SA39",2268
"SA40",2269
"SA41",2270
"SA42",2271
"SA43",2272
"SA44",2273
"SA45",2274
"SA46",2275
"SA47",2276
"SA48",2277
"SA61",2278
"SA62",2279
"SA63",2280
"SA64",2281
"SA65",2282
"SA66",2283
"SA67",2284
"SA68",2285
"SA69",2286
"SA70",2287
"SA71",2288
"SA72",2289
"SA73",2290
"SA80",2291
"SA99",2292
"SE1",2293
"SE1P",2294
"SE2",2295
"SE3",2296
"SE4",2297
"SE5",2298
"SE6",2299
"SE7",2300
"SE8",2301
"SE9",2302
"SE10",2303
"SE11",2304
"SE12",2305
"SE13",2306
"SE14",2307
"SE15",2308
"SE16",2309
"SE17",2310
"SE18",2311
"SE19",2312
"SE20",2313
"SE21",2314
"SE22",2315
"SE23",2316
"SE24",2317
"SE25",2318
"SE26",2319
"SE27",2320
"SE28",2321
"SG1",2322
"SG2",2323
"SG3",2324
"SG4",2325
"SG5",2326
"SG6",2327
"SG7",2328
"SG8",2329
"SG9",2330
"SG10",2331
"SG11",2332
"SG12",2333
"SG13",2334
"SG14",2335
"SG15",2336
"SG16",2337
"SG17",2338
"SG18",2339
"SG19",2340
"SK1",2341
"SK2",2342
"SK3",2343
"SK4",2344
"SK5",2345
"SK6",2346
"SK7",2347
"SK8",2348
"SK9",2349
"SK10",2350
"SK11",2351
"SK12",2352
"SK13",2353
"SK14",2354
"SK15",2355
"SK16",2356
"SK17",2357
"SK22",2358
"SK23",2359
"SL0",2360
"SL1",2361
"SL2",2362
"SL3",2363
"SL4",2364
"SL5",2365
"SL6",2366
"SL7",2367
"SL8",2368
"SL9",2369
"SL95",2370
"SM1",2371
"SM2",2372
"SM3",2373
"SM4",2374
"SM5",2375
"SM6",2376
"SM7",2377
"SN1",2378
"SN2",2379
"SN3",2380
"SN4",2381
"SN5",2382
"SN6",2383
"SN7",2384
"SN8",2385
"SN9",2386
"SN10",2387
"SN11",2388
"SN12",2389
"SN13",2390
"SN14",2391
"SN15",2392
"SN16",2393
"SN25",2394
"SN26",2395
"SN38",2396
"SN99",2397
"SO14",2398
"SO15",2399
"SO16",2400
"SO17",2401
"SO18",2402
"SO19",2403
"SO20",2404
"SO21",2405
"SO22",2406
"SO23",2407
"SO24",2408
"SO30",2409
"SO31",2410
"SO32",2411
"SO40",2412
"SO41",2413
"SO42",2414
"SO43",2415
"SO45",2416
"SO50",2417
"SO51",2418
"SO52",2419
"SO53",2420
"SP1",2421
"SP2",2422
"SP3",2423
"SP4",2424
"SP5",2425
"SP6",2426
"SP7",2427
"SP8",2428
"SP9",2429
"SP10",2430
"SP11",2431
"SR1",2432
"SR2",2433
"SR3",2434
"SR4",2435
"SR5",2436
"SR6",2437
"SR7",2438
"SR8",2439
"SR9",2440
"SS0",2441
"SS1",2442
"SS2",2443
"SS3",2444
"SS4",2445
"SS5",2446
"SS6",2447
"SS7",2448
"SS8",2449
"SS9",2450
"SS11",2451
"SS12",2452
"SS13",2453
"SS14",2454
"SS15",2455
"SS16",2456
"SS17",2457
"SS22",2458
"SS99",2459
"ST1",2460
"ST2",2461
"ST3",2462
"ST4",2463
"ST5",2464
"ST6",2465
"ST7",2466
"ST8",2467
"ST9",2468
"ST10",2469
"ST11",2470
"ST12",2471
"ST13",2472
"ST14",2473
"ST15",2474
"ST16",2475
"ST17",2476
"ST18",2477
"ST19",2478
"ST20",2479
"ST21",2480
"SW1A",2481
"SW1E",2482
"SW1H",2483
"SW1P",2484
"SW1V",2485
"SW1W",2486
"SW1X",2487
"SW1Y",2488
"SW2",2489
"SW3",2490
"SW4",2491
"SW5",2492
"SW6",2493
"SW7",2494
"SW8",2495
"SW9",2496
"SW10",2497
"SW11",2498
"SW12",2499
"SW13",2500
"SW14",2501
"SW15",2502
"SW16",2503
"SW17",2504
"SW18",2505
"SW19",2506
"SW20",2507
"SW95",2508
"SY1",2509
"SY2",2510
"SY3",2511
"SY4",2512
"SY5",2513
"SY6",2514
"SY7",2515
"SY8",2516
"SY9",2517
"SY10",2518
"SY11",2519
"SY12",2520
"SY13",2521
"SY14",2522
"SY15",2523
"SY16",2524
"SY17",2525
"SY18",2526
"SY19",2527
"SY20",2528
"SY21",2529
"SY22",2530
"SY23",2531
"SY24",2532
"SY25",2533
"TA1",2534
"TA2",2535
"TA3",2536
"TA4",2537
"TA5",2538
"TA6",2539
"TA7",2540
"TA8",2541
"TA9",2542
"TA10",2543
"TA11",2544
"TA12",2545
"TA13",2546
"TA14",2547
"TA15",2548
"TA16",2549
"TA17",2550
"TA18",2551
"TA19",2552
"TA20",2553
"TA21",2554
"TA22",2555
"TA23",2556
"TA24",2557
"TD1",2558
"TD2",2559
"TD3",2560
"TD4",2561
"TD5",2562
"TD6",2563
"TD7",2564
"TD8",2565
"TD9",2566
"TD10",2567
"TD11",2568
"TD12",2569
"TD13",2570
"TD14",2571
"TD15",2572
"TF1",2573
"TF2",2574
"TF3",2575
"TF4",2576
"TF5",2577
"TF6",2578
"TF7",2579
"TF8",2580
"TF9",2581
"TF10",2582
"TF11",2583
"TF12",2584
"TF13",2585
"TN1",2586
"TN2",2587
"TN3",2588
"TN4",2589
"TN5",2590
"TN6",2591
"TN7",2592
"TN8",2593
"TN9",2594
"TN10",2595
"TN11",2596
"TN12",2597
"TN13",2598
"TN14",2599
"TN15",2600
"TN16",2601
"TN17",2602
"TN18",2603
"TN19",2604
"TN20",2605
"TN21",2606
"TN22",2607
"TN23",2608
"TN24",2609
"TN25",2610
"TN26",2611
"TN27",2612
"TN28",2613
"TN29",2614
"TN30",2615
"TN31",2616
"TN32",2617
"TN33",2618
"TN34",2619
"TN35",2620
"TN36",2621
"TN37",2622
"TN38",2623
"TN39",2624
"TN40",2625
"TQ1",2626
"TQ2",2627
"TQ3",2628
"TQ4",2629
"TQ5",2630
"TQ6",2631
"TQ7",2632
"TQ8",2633
"TQ9",2634
"TQ10",2635
"TQ11",2636
"TQ12",2637
"TQ13",2638
"TQ14",2639
"TR1",2640
"TR2",2641
"TR3",2642
"TR4",2643
"TR5",2644
"TR6",2645
"TR7",2646
"TR8",2647
"TR9",2648
"TR10",2649
"TR11",2650
"TR12",2651
"TR13",2652
"TR14",2653
"TR15",2654
"TR16",2655
"TR17",2656
"TR18",2657
"TR19",2658
"TR20",2659
"TR21",2660
"TR22",2661
"TR23",2662
"TR24",2663
"TR25",2664
"TR26",2665
"TR27",2666
"TS1",2667
"TS2",2668
"TS3",2669
"TS4",2670
"TS5",2671
"TS6",2672
"TS7",2673
"TS8",2674
"TS9",2675
"TS10",2676
"TS11",2677
"TS12",2678
"TS13",2679
"TS14",2680
"TS15",2681
"TS16",2682
"TS17",2683
"TS18",2684
"TS19",2685
"TS20",2686
"TS21",2687
"TS22",2688
"TS23",2689
"TS24",2690
"TS25",2691
"TS26",2692
"TS27",2693
"TS28",2694
"TS29",2695
"TW1",2696
"TW2",2697
"TW3",2698
"TW4",2699
"TW5",2700
"TW6",2701
"TW7",2702
"TW8",2703
"TW9",2704
"TW10",2705
"TW11",2706
"TW12",2707
"TW13",2708
"TW14",2709
"TW15",2710
"TW16",2711
"TW17",2712
"TW18",2713
"TW19",2714
"TW20",2715
"UB1",2716
"UB2",2717
"UB3",2718
"UB4",2719
"UB5",2720
"UB6",2721
"UB7",2722
"UB8",2723
"UB9",2724
"UB10",2725
"UB11",2726
"UB18",2727
"W1A",2728
"W1B",2729
"W1C",2730
"W1D",2731
"W1F",2732
"W1G",2733
"W1H",2734
"W1J",2735
"W1K",2736
"W1S",2737
"W1T",2738
"W1U",2739
"W1W",2740
"W2",2741
"W3",2742
"W4",2743
"W5",2744
"W6",2745
"W7",2746
"W8",2747
"W9",2748
"W10",2749
"W11",2750
"W12",2751
"W13",2752
"W14",2753
"WA1",2754
"WA2",2755
"WA3",2756
"WA4",2757
"WA5",2758
"WA6",2759
"WA7",2760
"WA8",2761
"WA9",2762
"WA10",2763
"WA11",2764
"WA12",2765
"WA13",2766
"WA14",2767
"WA15",2768
"WA16",2769
"WA55",2770
"WA88",2771
"WC1A",2772
"WC1B",2773
"WC1E",2774
"WC1H",2775
"WC1N",2776
"WC1R",2777
"WC1V",2778
"WC1X",2779
"WC2A",2780
"WC2B",2781
"WC2E",2782
"WC2H",2783
"WC2N",2784
"WC2R",2785
"WD3",2786
"WD4",2787
"WD5",2788
"WD6",2789
"WD7",2790
"WD17",2791
"WD18",2792
"WD19",2793
"WD23",2794
"WD24",2795
"WD25",2796
"WD99",2797
"WF1",2798
"WF2",2799
"WF3",2800
"WF4",2801
"WF5",2802
"WF6",2803
"WF7",2804
"WF8",2805
"WF9",2806
"WF10",2807
"WF11",2808
"WF12",2809
"WF13",2810
"WF14",2811
"WF15",2812
"WF16",2813
"WF17",2814
"WF90",2815
"WN1",2816
"WN2",2817
"WN3",2818
"WN4",2819
"WN5",2820
"WN6",2821
"WN7",2822
"WN8",2823
"WR1",2824
"WR2",2825
"WR3",2826
"WR4",2827
"WR5",2828
"WR6",2829
"WR7",2830
"WR8",2831
"WR9",2832
"WR10",2833
"WR11",2834
"WR12",2835
"WR13",2836
"WR14",2837
"WR15",2838
"WR78",2839
"WR99",2840
"WS1",2841
"WS2",2842
"WS3",2843
"WS4",2844
"WS5",2845
"WS6",2846
"WS7",2847
"WS8",2848
"WS9",2849
"WS10",2850
"WS11",2851
"WS12",2852
"WS13",2853
"WS14",2854
"WS15",2855
"WV1",2856
"WV2",2857
"WV3",2858
"WV4",2859
"WV5",2860
"WV6",2861
"WV7",2862
"WV8",2863
"WV9",2864
"WV10",2865
"WV11",2866
"WV12",2867
"WV13",2868
"WV14",2869
"WV15",2870
"WV16",2871
"YO1",2872
"YO7",2873
"YO8",2874
"YO10",2875
"YO11",2876
"YO12",2877
"YO13",2878
"YO14",2879
"YO15",2880
"YO16",2881
"YO17",2882
"YO18",2883
"YO19",2884
"YO21",2885
"YO22",2886
"YO23",2887
"YO24",2888
"YO25",2889
"YO26",2890
"YO30",2891
"YO31",2892
"YO32",2893
"YO41",2894
"YO42",2895
"YO43",2896
"YO51",2897
"YO60",2898
"YO61",2899
"YO62",2900
"YO90",2901
"YO91",2902
"ZE1",2903
"ZE2",2904
"ZE3",2905
